Name,Exchange,root_ticker,google_finance_ticker,
NEPON Inc.,Tokyo Stock Exchange,7985,TYO:7985,
"NIHON ISK Company,Limited",Tokyo Stock Exchange,7986,TYO:7986,
"NAKABAYASHI CO.,LTD.",Tokyo Stock Exchange,7987,TYO:7987,
NIFCO INC.,Tokyo Stock Exchange,7988,TYO:7988,
TACHIKAWA CORPORATION,Tokyo Stock Exchange,7989,TYO:7989,
"GLOBERIDE,Inc.",Tokyo Stock Exchange,7990,TYO:7990,
"MAMIYA-OP CO.,LTD",Tokyo Stock Exchange,7991,TYO:7991,
"The Sailor Pen Co.,Ltd.",Tokyo Stock Exchange,7992,TYO:7992,
OKAMURA CORPORATION,Tokyo Stock Exchange,7994,TYO:7994,
"NIPPON VALQUA INDUSTRIES,LTD.",Tokyo Stock Exchange,7995,TYO:7995,
Kurogane Kosakusho Ltd.,Tokyo Stock Exchange,7997,TYO:7997,
"MUTOH HOLDINGS CO.,LTD.",Tokyo Stock Exchange,7999,TYO:7999,
ITOCHU Corporation,Tokyo Stock Exchange,8001,TYO:8001,
Marubeni Corporation,Tokyo Stock Exchange,8002,TYO:8002,
Scroll Corporation,Tokyo Stock Exchange,8005,TYO:8005,
"YUASA FUNASHOKU Co.,Ltd.",Tokyo Stock Exchange,8006,TYO:8006,
"Takashima & Co.,Ltd.",Tokyo Stock Exchange,8007,TYO:8007,
YONDOSHI HOLDINGS INC.,Tokyo Stock Exchange,8008,TYO:8008,
SANYO SHOKAI LTD.,Tokyo Stock Exchange,8011,TYO:8011,
"NAGASE & CO.,LTD.",Tokyo Stock Exchange,8012,TYO:8012,
"NAIGAI CO.,LTD.",Tokyo Stock Exchange,8013,TYO:8013,
"CHORI CO.,LTD.",Tokyo Stock Exchange,8014,TYO:8014,
TOYOTA TSUSHO CORPORATION,Tokyo Stock Exchange,8015,TYO:8015,
"ONWARD HOLDINGS CO.,LTD.",Tokyo Stock Exchange,8016,TYO:8016,
"SANKYO SEIKO CO.,LTD.",Tokyo Stock Exchange,8018,TYO:8018,
KANEMATSU CORPORATION,Tokyo Stock Exchange,8020,TYO:8020,
Mizuno Corporation,Tokyo Stock Exchange,8022,TYO:8022,
"DAIKO DENSHI TSUSHIN,LTD.",Tokyo Stock Exchange,8023,TYO:8023,
"TSUKAMOTO CORPORATION CO.,LTD.",Tokyo Stock Exchange,8025,TYO:8025,
"FamilyMart Co.,Ltd.",Tokyo Stock Exchange,8028,TYO:8028,
LOOK INCORPORATED,Tokyo Stock Exchange,8029,TYO:8029,
"Chuo Gyorui Co.,Ltd.",Tokyo Stock Exchange,8030,TYO:8030,
"MITSUI & CO.,LTD.",Tokyo Stock Exchange,8031,TYO:8031,
JAPAN PULP AND PAPER COMPANY LIMITED,Tokyo Stock Exchange,8032,TYO:8032,
Tokyo Electron Limited,Tokyo Stock Exchange,8035,TYO:8035,
Hitachi High-Technologies Corporation,Tokyo Stock Exchange,8036,TYO:8036,
KAMEI CORPORATION,Tokyo Stock Exchange,8037,TYO:8037,
"TOHTO SUISAN CO.,LTD.",Tokyo Stock Exchange,8038,TYO:8038,
"TSUKIJI UOICHIBA COMPANY,LIMITED",Tokyo Stock Exchange,8039,TYO:8039,
"TOKYO SOIR CO.,LTD.",Tokyo Stock Exchange,8040,TYO:8040,
OUG Holdings Inc.,Tokyo Stock Exchange,8041,TYO:8041,
Starzen Company Limited,Tokyo Stock Exchange,8043,TYO:8043,
"DAITO GYORUI CO.,LTD.",Tokyo Stock Exchange,8044,TYO:8044,
"Yokohama Maruuo Co.,Ltd.",Tokyo Stock Exchange,8045,TYO:8045,
"MARUFUJI SHEET PILING CO.,LTD.",Tokyo Stock Exchange,8046,TYO:8046,
SEIKO HOLDINGS CORPORATION,Tokyo Stock Exchange,8050,TYO:8050,
YAMAZEN CORPORATION,Tokyo Stock Exchange,8051,TYO:8051,
"TSUBAKIMOTO KOGYO CO.,LTD.",Tokyo Stock Exchange,8052,TYO:8052,
"SUMITOMO CORPORATION (SUMITOMO SHOJI KAISHA,LTD.)",Tokyo Stock Exchange,8053,TYO:8053,
"Nihon Unisys,Ltd.",Tokyo Stock Exchange,8056,TYO:8056,
"UCHIDA YOKO CO.,LTD.",Tokyo Stock Exchange,8057,TYO:8057,
Mitsubishi Corporation,Tokyo Stock Exchange,8058,TYO:8058,
"DAIICHI JITSUGYO CO.,LTD.",Tokyo Stock Exchange,8059,TYO:8059,
Canon Marketing Japan Inc.,Tokyo Stock Exchange,8060,TYO:8060,
SEIKA CORPORATION,Tokyo Stock Exchange,8061,TYO:8061,
SATO SHOJI CORPORATION,Tokyo Stock Exchange,8065,TYO:8065,
MITANI CORPORATION,Tokyo Stock Exchange,8066,TYO:8066,
RYOYO ELECTRO CORPORATION,Tokyo Stock Exchange,8068,TYO:8068,
"TOKYO SANGYO CO.,LTD.",Tokyo Stock Exchange,8070,TYO:8070,
"JAPAN PUBLICATIONS TRADING CO.,LTD.",Tokyo Stock Exchange,8072,TYO:8072,
"MAG NET HOLDINGS,INC.",Tokyo Stock Exchange,8073,TYO:8073,
"YUASA TRADING CO.,LTD.",Tokyo Stock Exchange,8074,TYO:8074,
Shinsho Corporation,Tokyo Stock Exchange,8075,TYO:8075,
KOBAYASHI METALS LIMITED,Tokyo Stock Exchange,8077,TYO:8077,
"HANWA CO.,LTD.",Tokyo Stock Exchange,8078,TYO:8078,
SHOEI FOODS CORPORATION,Tokyo Stock Exchange,8079,TYO:8079,
KANADEN CORPORATION,Tokyo Stock Exchange,8081,TYO:8081,
Ryoden Corporation,Tokyo Stock Exchange,8084,TYO:8084,
"NARASAKI SANGYO CO.,LTD.",Tokyo Stock Exchange,8085,TYO:8085,
NIPRO CORPORATION,Tokyo Stock Exchange,8086,TYO:8086,
"FURUSATO INDUSTRIES,LTD.",Tokyo Stock Exchange,8087,TYO:8087,
IWATANI  CORPORATION,Tokyo Stock Exchange,8088,TYO:8088,
"Nice Holdings,Inc.",Tokyo Stock Exchange,8089,TYO:8089,
"SHOKO CO.,LTD.",Tokyo Stock Exchange,8090,TYO:8090,
"NICHIMO CO.,LTD.",Tokyo Stock Exchange,8091,TYO:8091,
"Kyokuto Boeki Kaisha,Limited",Tokyo Stock Exchange,8093,TYO:8093,
"IWAKI & CO.,LTD.",Tokyo Stock Exchange,8095,TYO:8095,
KANEMATSU ELECTRONICS LTD.,Tokyo Stock Exchange,8096,TYO:8096,
"SAN-AI OIL CO.,LTD.",Tokyo Stock Exchange,8097,TYO:8097,
"Inabata & Co.,Ltd.",Tokyo Stock Exchange,8098,TYO:8098,
GSI Creos Corporation,Tokyo Stock Exchange,8101,TYO:8101,
Meiwa Corporation,Tokyo Stock Exchange,8103,TYO:8103,
"MARUSHO HOTTA CO.,LTD.",Tokyo Stock Exchange,8105,TYO:8105,
KIMURATAN CORPORATION,Tokyo Stock Exchange,8107,TYO:8107,
GOLDWIN INC.,Tokyo Stock Exchange,8111,TYO:8111,
UNICHARM CORPORATION,Tokyo Stock Exchange,8113,TYO:8113,
"DESCENTE,LTD.",Tokyo Stock Exchange,8114,TYO:8114,
"MOONBAT Co.,Ltd.",Tokyo Stock Exchange,8115,TYO:8115,
CENTRAL AUTOMOTIVE PRODUCTS LTD.,Tokyo Stock Exchange,8117,TYO:8117,
"KING Co.,Ltd.",Tokyo Stock Exchange,8118,TYO:8118,
SANYEI CORPORATION,Tokyo Stock Exchange,8119,TYO:8119,
"T.KAWABE & CO.,LTD.",Tokyo Stock Exchange,8123,TYO:8123,
"Wakita & Co.,LTD.",Tokyo Stock Exchange,8125,TYO:8125,
YAMATO INTERNATIONAL INC.,Tokyo Stock Exchange,8127,TYO:8127,
"TOHO HOLDINGS CO.,LTD.",Tokyo Stock Exchange,8129,TYO:8129,
"SANGETSU CO.,LTD.",Tokyo Stock Exchange,8130,TYO:8130,
"Mitsuuroko Group Holdings Co.,Ltd.",Tokyo Stock Exchange,8131,TYO:8131,
"SINANEN HOLDINGS CO.,LTD.",Tokyo Stock Exchange,8132,TYO:8132,
"ITOCHU ENEX CO.,LTD.",Tokyo Stock Exchange,8133,TYO:8133,
ZETT CORPORATION,Tokyo Stock Exchange,8135,TYO:8135,
"Sanrio Company,Ltd.",Tokyo Stock Exchange,8136,TYO:8136,
SUN-WA TECHNOS CORPORATION,Tokyo Stock Exchange,8137,TYO:8137,
SANKYO KASEI CORPORATION,Tokyo Stock Exchange,8138,TYO:8138,
NAGAHORI CORPORATION,Tokyo Stock Exchange,8139,TYO:8139,
"Ryosan Company,Limited",Tokyo Stock Exchange,8140,TYO:8140,
"Shinko Shoji Co.,Ltd.",Tokyo Stock Exchange,8141,TYO:8141,
"TOHO Co.,Ltd.",Tokyo Stock Exchange,8142,TYO:8142,
"LAPINE CO.,LTD.",Tokyo Stock Exchange,8143,TYO:8143,
"DENKYOSHA CO.,LTD.",Tokyo Stock Exchange,8144,TYO:8144,
TOMITA CO.LTD.,Tokyo Stock Exchange,8147,TYO:8147,
"UEHARA SEI SHOJI CO.,LTD.",Tokyo Stock Exchange,8148,TYO:8148,
"SANSHIN ELECTRONICS CO.,LTD.",Tokyo Stock Exchange,8150,TYO:8150,
TOYO Corporation,Tokyo Stock Exchange,8151,TYO:8151,
SOMAR CORPORATION,Tokyo Stock Exchange,8152,TYO:8152,
"MOS FOOD SERVICES,INC.",Tokyo Stock Exchange,8153,TYO:8153,
"KAGA ELECTRONICS CO.,LTD.",Tokyo Stock Exchange,8154,TYO:8154,
"MIMASU SEMICONDUCTOR INDUSTRY CO.,LTD.",Tokyo Stock Exchange,8155,TYO:8155,
"TSUZUKI DENKI CO.,LTD.",Tokyo Stock Exchange,8157,TYO:8157,
"SODA NIKKA CO.,LTD.",Tokyo Stock Exchange,8158,TYO:8158,
"TACHIBANA ELETECH CO.,LTD.",Tokyo Stock Exchange,8159,TYO:8159,
"KISOJI CO.,LTD.",Tokyo Stock Exchange,8160,TYO:8160,
"SATO RESTAURANT SYSTEMS CO.,LTD.",Tokyo Stock Exchange,8163,TYO:8163,
"SENSHUKAI CO.,LTD.",Tokyo Stock Exchange,8165,TYO:8165,
"Taka-Q Co.,Ltd.",Tokyo Stock Exchange,8166,TYO:8166,
"RETAIL PARTNERS CO.,LTD.",Tokyo Stock Exchange,8167,TYO:8167,
"Keiyo Co.,Ltd.",Tokyo Stock Exchange,8168,TYO:8168,
Aderans Company Limited,Tokyo Stock Exchange,8170,TYO:8170,
"Joshin Denki Co.,Ltd.",Tokyo Stock Exchange,8173,TYO:8173,
"NIPPON GAS CO.,LTD.",Tokyo Stock Exchange,8174,TYO:8174,
"BEST DENKI CO.,LTD.",Tokyo Stock Exchange,8175,TYO:8175,
"ROYAL HOLDINGS Co., Ltd.",Tokyo Stock Exchange,8179,TYO:8179,
"Totenko Co.,Ltd.",Tokyo Stock Exchange,8181,TYO:8181,
"Inageya Co.,Ltd.",Tokyo Stock Exchange,8182,TYO:8182,
"SHIMACHU CO.,LTD.",Tokyo Stock Exchange,8184,TYO:8184,
"CHIYODA CO.,LTD.",Tokyo Stock Exchange,8185,TYO:8185,
"OTSUKA KAGU,LTD.",Tokyo Stock Exchange,8186,TYO:8186,
"HIKARI FURNITURE Co.,Ltd.",Tokyo Stock Exchange,8191,TYO:8191,
LIFE CORPORATION,Tokyo Stock Exchange,8194,TYO:8194,
"Maxvalu Tokai Co.,Ltd.",Tokyo Stock Exchange,8198,TYO:8198,
"RINGER HUT CO.,LTD.",Tokyo Stock Exchange,8200,TYO:8200,
"SAGAMI Co.,Ltd.",Tokyo Stock Exchange,8201,TYO:8201,
"Laox CO.,LTD.",Tokyo Stock Exchange,8202,TYO:8202,
MR MAX CORPORATION,Tokyo Stock Exchange,8203,TYO:8203,
"SHAKLEE GLOBAL GROUP,INC.",Tokyo Stock Exchange,8205,TYO:8205,
"TEN ALLIED Co.,Ltd.",Tokyo Stock Exchange,8207,TYO:8207,
"ENCHO CO.,LTD.",Tokyo Stock Exchange,8208,TYO:8208,
FRIENDLY CORPORATION,Tokyo Stock Exchange,8209,TYO:8209,
AOKI Holdings Inc.,Tokyo Stock Exchange,8214,TYO:8214,
"GINZA YAMAGATAYA CO.,LTD.",Tokyo Stock Exchange,8215,TYO:8215,
"OKUWA CO.,LTD.",Tokyo Stock Exchange,8217,TYO:8217,
"KOMERI CO.,LTD.",Tokyo Stock Exchange,8218,TYO:8218,
"AOYAMA TRADING Co.,Ltd.",Tokyo Stock Exchange,8219,TYO:8219,
"Takachiho Co.,Ltd.",Tokyo Stock Exchange,8225,TYO:8225,
RIKEI CORPORATION,Tokyo Stock Exchange,8226,TYO:8226,
"SHIMAMURA Co.,Ltd.",Tokyo Stock Exchange,8227,TYO:8227,
"HASEGAWA CO.,LTD.",Tokyo Stock Exchange,8230,TYO:8230,
"Takashimaya Company,Limited",Tokyo Stock Exchange,8233,TYO:8233,
"MATSUYA CO.,LTD.",Tokyo Stock Exchange,8237,TYO:8237,
H2O RETAILING CORPORATION,Tokyo Stock Exchange,8242,TYO:8242,
"Kintetsu Department Store CO.,Ltd.",Tokyo Stock Exchange,8244,TYO:8244,
"MARUEI DEPARTMENT STORE COMPANY,LIMITED",Tokyo Stock Exchange,8245,TYO:8245,
"Daiwa Co.,Ltd.",Tokyo Stock Exchange,8247,TYO:8247,
"Nissen Holdings Co.,Ltd.",Tokyo Stock Exchange,8248,TYO:8248,
"TECHNO ASSOCIE Co.,Ltd.",Tokyo Stock Exchange,8249,TYO:8249,
"PARCO CO.,LTD.",Tokyo Stock Exchange,8251,TYO:8251,
"MARUI GROUP CO.,LTD.",Tokyo Stock Exchange,8252,TYO:8252,
"Credit Saison Co.,Ltd.",Tokyo Stock Exchange,8253,TYO:8253,
"Saikaya Department Store Co.,Ltd.",Tokyo Stock Exchange,8254,TYO:8254,
Axial Retailing Inc.,Tokyo Stock Exchange,8255,TYO:8255,
"MARUMITSU CO.,LTD.",Tokyo Stock Exchange,8256,TYO:8256,
"Sanyo Department Store Co.,Ltd.",Tokyo Stock Exchange,8257,TYO:8257,
"IZUTSUYA CO.,LTD.",Tokyo Stock Exchange,8260,TYO:8260,
"AEON CO.,LTD.",Tokyo Stock Exchange,8267,TYO:8267,
"UNY Group Holdings Co.,Ltd.",Tokyo Stock Exchange,8270,TYO:8270,
"IZUMI CO.,LTD.",Tokyo Stock Exchange,8273,TYO:8273,
"TOBU STORE CO.,LTD.",Tokyo Stock Exchange,8274,TYO:8274,
FORVAL CORPORATION,Tokyo Stock Exchange,8275,TYO:8275,
"HEIWADO CO.,LTD.",Tokyo Stock Exchange,8276,TYO:8276,
"FUJI CO.,LTD.",Tokyo Stock Exchange,8278,TYO:8278,
"YAOKO CO.,LTD",Tokyo Stock Exchange,8279,TYO:8279,
"XEBIO holdings CO.,LTD.",Tokyo Stock Exchange,8281,TYO:8281,
K'S HOLDINGS CORPORATION,Tokyo Stock Exchange,8282,TYO:8282,
PALTAC CORPORATION,Tokyo Stock Exchange,8283,TYO:8283,
"MITANI SANGYO CO.,LTD.",Tokyo Stock Exchange,8285,TYO:8285,
"MAXVALU NISHINIHON CO.,LTD.",Tokyo Stock Exchange,8287,TYO:8287,
Olympic Group Corporation,Tokyo Stock Exchange,8289,TYO:8289,
"NISSAN TOKYO SALES HOLDINGS CO.,LTD.",Tokyo Stock Exchange,8291,TYO:8291,
FAMILY INC.,Tokyo Stock Exchange,8298,TYO:8298,
BANK OF JAPAN,Tokyo Stock Exchange,8301,TYO:8301,
"Shinsei Bank,Limited",Tokyo Stock Exchange,8303,TYO:8303,
"Aozora Bank,Ltd.",Tokyo Stock Exchange,8304,TYO:8304,
"Mitsubishi UFJ Financial Group,Inc.",Tokyo Stock Exchange,8306,TYO:8306,
"Resona Holdings, Inc.",Tokyo Stock Exchange,8308,TYO:8308,
"Sumitomo Mitsui Trust Holdings,Inc.",Tokyo Stock Exchange,8309,TYO:8309,
"Sumitomo Mitsui Financial Group,Inc.",Tokyo Stock Exchange,8316,TYO:8316,
"The Daishi Bank,Ltd.",Tokyo Stock Exchange,8324,TYO:8324,
"The Hokuetsu Bank,Ltd.",Tokyo Stock Exchange,8325,TYO:8325,
"THE NISHI-NIPPON CITY BANK, LTD.",Tokyo Stock Exchange,8327,TYO:8327,
"The Chiba Bank,Ltd.",Tokyo Stock Exchange,8331,TYO:8331,
"The Joyo Bank,Ltd.",Tokyo Stock Exchange,8333,TYO:8333,
"The Gunma Bank,Ltd.",Tokyo Stock Exchange,8334,TYO:8334,
"The Musashino Bank,Ltd.",Tokyo Stock Exchange,8336,TYO:8336,
"The Chiba Kogyo Bank,Ltd.",Tokyo Stock Exchange,8337,TYO:8337,
"Tsukuba Bank,Ltd.",Tokyo Stock Exchange,8338,TYO:8338,
"The 77 Bank,Ltd.",Tokyo Stock Exchange,8341,TYO:8341,
"The Aomori Bank,Ltd.",Tokyo Stock Exchange,8342,TYO:8342,
"THE AKITA BANK,LTD.",Tokyo Stock Exchange,8343,TYO:8343,
"The Yamagata Bank,Ltd.",Tokyo Stock Exchange,8344,TYO:8344,
"The Bank of Iwate,Ltd.",Tokyo Stock Exchange,8345,TYO:8345,
"The Toho Bank,Ltd.",Tokyo Stock Exchange,8346,TYO:8346,
"THE TOHOKU BANK,LTD.",Tokyo Stock Exchange,8349,TYO:8349,
"THE MICHINOKU BANK,LTD.",Tokyo Stock Exchange,8350,TYO:8350,
"Fukuoka Financial Group,Inc.",Tokyo Stock Exchange,8354,TYO:8354,
"THE SHIZUOKA BANK,LTD.",Tokyo Stock Exchange,8355,TYO:8355,
"The Juroku Bank,Ltd.",Tokyo Stock Exchange,8356,TYO:8356,
Suruga Bank Ltd.,Tokyo Stock Exchange,8358,TYO:8358,
"The Hachijuni Bank,Ltd.",Tokyo Stock Exchange,8359,TYO:8359,
"The Yamanashi Chuo Bank,Ltd.",Tokyo Stock Exchange,8360,TYO:8360,
"The Ogaki Kyoritsu Bank,Ltd.",Tokyo Stock Exchange,8361,TYO:8361,
"The Fukui Bank,Ltd.",Tokyo Stock Exchange,8362,TYO:8362,
"The Hokkoku Bank,Ltd.",Tokyo Stock Exchange,8363,TYO:8363,
"THE SHIMIZU BANK,LTD.",Tokyo Stock Exchange,8364,TYO:8364,
"The Bank of Toyama,Ltd.",Tokyo Stock Exchange,8365,TYO:8365,
"THE SHIGA BANK,LTD.",Tokyo Stock Exchange,8366,TYO:8366,
"The Nanto Bank,Ltd.",Tokyo Stock Exchange,8367,TYO:8367,
"The Hyakugo Bank,Ltd.",Tokyo Stock Exchange,8368,TYO:8368,
"The Bank of Kyoto,Ltd.",Tokyo Stock Exchange,8369,TYO:8369,
"The Kiyo Bank,Ltd.",Tokyo Stock Exchange,8370,TYO:8370,
"The Mie Bank,Ltd.",Tokyo Stock Exchange,8374,TYO:8374,
"Hokuhoku Financial Group, Inc.",Tokyo Stock Exchange,8377,TYO:8377,
"The Hiroshima Bank,Ltd.",Tokyo Stock Exchange,8379,TYO:8379,
"The San-in Godo Bank,Ltd.",Tokyo Stock Exchange,8381,TYO:8381,
"The Chugoku Bank,Limited",Tokyo Stock Exchange,8382,TYO:8382,
"THE TOTTORI BANK,LTD.",Tokyo Stock Exchange,8383,TYO:8383,
"The Iyo Bank,Ltd.",Tokyo Stock Exchange,8385,TYO:8385,
"The Hyakujushi Bank,Ltd.",Tokyo Stock Exchange,8386,TYO:8386,
The Shikoku Bank Ltd.,Tokyo Stock Exchange,8387,TYO:8387,
"The Awa Bank,Ltd.",Tokyo Stock Exchange,8388,TYO:8388,
"THE OITA BANK,LTD.",Tokyo Stock Exchange,8392,TYO:8392,
"The Miyazaki Bank,Ltd.",Tokyo Stock Exchange,8393,TYO:8393,
THE BANK OF SAGA LTD.,Tokyo Stock Exchange,8395,TYO:8395,
"The Eighteenth Bank,Limited",Tokyo Stock Exchange,8396,TYO:8396,
"The Bank of Okinawa,Ltd.",Tokyo Stock Exchange,8397,TYO:8397,
"Bank of The Ryukyus,Limited",Tokyo Stock Exchange,8399,TYO:8399,
"Seven Bank,Ltd.",Tokyo Stock Exchange,8410,TYO:8410,
"Mizuho Financial Group,Inc.",Tokyo Stock Exchange,8411,TYO:8411,
"THE BANK OF KOCHI,LTD.",Tokyo Stock Exchange,8416,TYO:8416,
"Yamaguchi Financial Group,Inc.",Tokyo Stock Exchange,8418,TYO:8418,
Shinkin Central Bank,Tokyo Stock Exchange,8421,TYO:8421,
"Accretive Co.,Ltd.",Tokyo Stock Exchange,8423,TYO:8423,
"Fuyo General Lease Co.,Ltd.",Tokyo Stock Exchange,8424,TYO:8424,
"IBJ Leasing Company,Limited",Tokyo Stock Exchange,8425,TYO:8425,
Century Tokyo Leasing Corporation,Tokyo Stock Exchange,8439,TYO:8439,
"Future Venture Capital Co.,Ltd.",Tokyo Stock Exchange,8462,TYO:8462,
"SBI Holdings,Inc.",Tokyo Stock Exchange,8473,TYO:8473,
"J Trust Co.,Ltd.",Tokyo Stock Exchange,8508,TYO:8508,
"Japan Securities Finance Co.,Ltd.",Tokyo Stock Exchange,8511,TYO:8511,
AIFUL CORPORATION,Tokyo Stock Exchange,8515,TYO:8515,
"Japan Asia Investment Company,Limited",Tokyo Stock Exchange,8518,TYO:8518,
"POCKET CARD CO.,LTD.",Tokyo Stock Exchange,8519,TYO:8519,
"THE NAGANO BANK,LTD.",Tokyo Stock Exchange,8521,TYO:8521,
"The Bank of Nagoya,Ltd.",Tokyo Stock Exchange,8522,TYO:8522,
"North Pacific Bank,Ltd.",Tokyo Stock Exchange,8524,TYO:8524,
"The Aichi Bank,Ltd.",Tokyo Stock Exchange,8527,TYO:8527,
"The Daisan Bank,Ltd.",Tokyo Stock Exchange,8529,TYO:8529,
"The Chukyo Bank,Limited",Tokyo Stock Exchange,8530,TYO:8530,
"THE TAIKO BANK,LTD.",Tokyo Stock Exchange,8537,TYO:8537,
"The Ehime Bank,Ltd.",Tokyo Stock Exchange,8541,TYO:8541,
"TOMATO BANK,LTD.",Tokyo Stock Exchange,8542,TYO:8542,
"THE MINATO BANK,LTD.",Tokyo Stock Exchange,8543,TYO:8543,
"The Keiyo Bank,Ltd.",Tokyo Stock Exchange,8544,TYO:8544,
Kansai Urban Banking Corporation,Tokyo Stock Exchange,8545,TYO:8545,
"THE TOCHIGI BANK,LTD.",Tokyo Stock Exchange,8550,TYO:8550,
"The Kita-Nippon Bank,Ltd.",Tokyo Stock Exchange,8551,TYO:8551,
"THE TOWA BANK,LTD.",Tokyo Stock Exchange,8558,TYO:8558,
"THE FUKUSHIMA BANK,LTD.",Tokyo Stock Exchange,8562,TYO:8562,
"THE DAITO BANK,LTD.",Tokyo Stock Exchange,8563,TYO:8563,
"RICOH LEASING COMPANY,LTD.",Tokyo Stock Exchange,8566,TYO:8566,
"AEON Financial Service Co.,Ltd.",Tokyo Stock Exchange,8570,TYO:8570,
"ACOM CO.,LTD.",Tokyo Stock Exchange,8572,TYO:8572,
"JACCS CO.,LTD.",Tokyo Stock Exchange,8584,TYO:8584,
Orient Corporation,Tokyo Stock Exchange,8585,TYO:8585,
Hitachi Capital Corporation,Tokyo Stock Exchange,8586,TYO:8586,
"APLUS FINANCIAL Co.,Ltd.",Tokyo Stock Exchange,8589,TYO:8589,
ORIX CORPORATION,Tokyo Stock Exchange,8591,TYO:8591,
Mitsubishi UFJ Lease & Finance Company Limited,Tokyo Stock Exchange,8593,TYO:8593,
"JAFCO Co.,Ltd.",Tokyo Stock Exchange,8595,TYO:8595,
"TOMONY Holdings,Inc.",Tokyo Stock Exchange,8600,TYO:8600,
Daiwa Securities Group Inc.,Tokyo Stock Exchange,8601,TYO:8601,
"Nomura Holdings, Inc.",Tokyo Stock Exchange,8604,TYO:8604,
OKASAN SECURITIES GROUP INC.,Tokyo Stock Exchange,8609,TYO:8609,
"Marusan Securities Co.,Ltd.",Tokyo Stock Exchange,8613,TYO:8613,
"TOYO SECURITIES CO.,LTD.",Tokyo Stock Exchange,8614,TYO:8614,
"Tokai Tokyo Financial Holdings,Inc.",Tokyo Stock Exchange,8616,TYO:8616,
"The Kosei Securities Co.,Ltd.",Tokyo Stock Exchange,8617,TYO:8617,
"Mito Securities Co.,Ltd.",Tokyo Stock Exchange,8622,TYO:8622,
"Ichiyoshi Securities Co.,Ltd.",Tokyo Stock Exchange,8624,TYO:8624,
"TAKAGI SECURITIES CO.,LTD.",Tokyo Stock Exchange,8625,TYO:8625,
"MATSUI SECURITIES CO.,LTD.",Tokyo Stock Exchange,8628,TYO:8628,
"Sompo Japan Nipponkoa Holdings,Inc.",Tokyo Stock Exchange,8630,TYO:8630,
Bank of America Corporation,Tokyo Stock Exchange,8648,TYO:8648,
"Morgan Stanley Asia-Pacific Fund,Inc.",Tokyo Stock Exchange,8682,TYO:8682,
"American International Group,Inc.",Tokyo Stock Exchange,8685,TYO:8685,
AFLAC Incorporated,Tokyo Stock Exchange,8686,TYO:8686,
"DSB Co.,Ltd.",Tokyo Stock Exchange,8692,TYO:8692,
"Japan Exchange Group,Inc.",Tokyo Stock Exchange,8697,TYO:8697,
"Monex Group,Inc.",Tokyo Stock Exchange,8698,TYO:8698,
"Sawada Holdings Co.,Ltd.",Tokyo Stock Exchange,8699,TYO:8699,
"Maruhachi Securities Co.,Ltd.",Tokyo Stock Exchange,8700,TYO:8700,
"kabu.com Securities Co.,Ltd.",Tokyo Stock Exchange,8703,TYO:8703,
"TRADERS HOLDINGS CO.,LTD.",Tokyo Stock Exchange,8704,TYO:8704,
"Okato Holdings,Inc.",Tokyo Stock Exchange,8705,TYO:8705,
"KYOKUTO SECURITIES CO.,LTD.",Tokyo Stock Exchange,8706,TYO:8706,
"IwaiCosmo Holdings,Inc.",Tokyo Stock Exchange,8707,TYO:8707,
"AIZAWA SECURITIES CO.,LTD.",Tokyo Stock Exchange,8708,TYO:8708,
"INVAST SECURITIES CO.,LTD.",Tokyo Stock Exchange,8709,TYO:8709,
Citigroup Inc.,Tokyo Stock Exchange,8710,TYO:8710,
FIDEA Holdings Co.Ltd.,Tokyo Stock Exchange,8713,TYO:8713,
"Senshu Ikeda Holdings,Inc.",Tokyo Stock Exchange,8714,TYO:8714,
"Anicom Holdings,Inc.",Tokyo Stock Exchange,8715,TYO:8715,
Venture Revitalize Investment Inc.,Tokyo Stock Exchange,8721,TYO:8721,
"MS&AD Insurance Group Holdings,Inc.",Tokyo Stock Exchange,8725,TYO:8725,
"MONEY SQUARE HOLDINGS,INC.",Tokyo Stock Exchange,8728,TYO:8728,
Sony Financial Holdings Inc.,Tokyo Stock Exchange,8729,TYO:8729,
"MONEY PARTNERS GROUP CO.,LTD.",Tokyo Stock Exchange,8732,TYO:8732,
Akatsuki Corp.,Tokyo Stock Exchange,8737,TYO:8737,
"SPARX Group Co.,Ltd.",Tokyo Stock Exchange,8739,TYO:8739,
"FUJITOMI CO.,LTD.",Tokyo Stock Exchange,8740,TYO:8740,
"KOBAYASHI YOKO CO.,LTD.",Tokyo Stock Exchange,8742,TYO:8742,
"DAIICHI COMMODITIES CO.,LTD.",Tokyo Stock Exchange,8746,TYO:8746,
"YUTAKA SHOJI CO.,LTD.",Tokyo Stock Exchange,8747,TYO:8747,
"The Dai-ichi Life Insurance Company,Limited",Tokyo Stock Exchange,8750,TYO:8750,
"Tokio Marine Holdings,Inc.",Tokyo Stock Exchange,8766,TYO:8766,
"Advantage Risk Management Co.,Ltd.",Tokyo Stock Exchange,8769,TYO:8769,
"eGuarantee,Inc.",Tokyo Stock Exchange,8771,TYO:8771,
"ASAX CO.,LTD.",Tokyo Stock Exchange,8772,TYO:8772,
"GFA Co.,Ltd.",Tokyo Stock Exchange,8783,TYO:8783,
"UCS CO.,LTD.",Tokyo Stock Exchange,8787,TYO:8787,
FinTech Global Incorporated,Tokyo Stock Exchange,8789,TYO:8789,
NEC Capital Solutions Limited,Tokyo Stock Exchange,8793,TYO:8793,
"T&D Holdings, Inc.",Tokyo Stock Exchange,8795,TYO:8795,
"Advance Create Co.,Ltd.",Tokyo Stock Exchange,8798,TYO:8798,
"Mitsui Fudosan Co.,Ltd.",Tokyo Stock Exchange,8801,TYO:8801,
"Mitsubishi Estate Company,Limited",Tokyo Stock Exchange,8802,TYO:8802,
"HEIWA REAL ESTATE CO.,LTD.",Tokyo Stock Exchange,8803,TYO:8803,
"Tokyo Tatemono Co.,Ltd.",Tokyo Stock Exchange,8804,TYO:8804,
DAIBIRU CORPORATION,Tokyo Stock Exchange,8806,TYO:8806,
"Keihanshin Building Co.,Ltd.",Tokyo Stock Exchange,8818,TYO:8818,
"Sumitomo Realty & Development Co.,Ltd.",Tokyo Stock Exchange,8830,TYO:8830,
TAIHEIYO KOUHATSU INCORPORATED,Tokyo Stock Exchange,8835,TYO:8835,
RISE Inc.,Tokyo Stock Exchange,8836,TYO:8836,
DAIKYO INCORPORATED,Tokyo Stock Exchange,8840,TYO:8840,
"TOC Co.,Ltd.",Tokyo Stock Exchange,8841,TYO:8841,
"TOKYO RAKUTENCHI CO.,LTD.",Tokyo Stock Exchange,8842,TYO:8842,
"COSMOS INITIA Co.,Ltd.",Tokyo Stock Exchange,8844,TYO:8844,
LEOPALACE21 CORPORATION,Tokyo Stock Exchange,8848,TYO:8848,
STARTS CORPORATION INC.,Tokyo Stock Exchange,8850,TYO:8850,
"URBAN LIFE Co.,Ltd.",Tokyo Stock Exchange,8851,TYO:8851,
"The Japan Living Service Co.,LTD.",Tokyo Stock Exchange,8854,TYO:8854,
FUJI CORPORATION LIMITED,Tokyo Stock Exchange,8860,TYO:8860,
"AIRPORT FACILITIES Co.,LTD.",Tokyo Stock Exchange,8864,TYO:8864,
Meiwa Estate Company Limited,Tokyo Stock Exchange,8869,TYO:8869,
"Sumitomo Real Estate Sales Co.,Ltd.",Tokyo Stock Exchange,8870,TYO:8870,
"GOLDCREST Co.,Ltd.",Tokyo Stock Exchange,8871,TYO:8871,
"Relo Group,Inc.",Tokyo Stock Exchange,8876,TYO:8876,
NIHON ESLEAD CORPORATION,Tokyo Stock Exchange,8877,TYO:8877,
"NISSHIN FUDOSAN Co.,Ltd.",Tokyo Stock Exchange,8881,TYO:8881,
"L'attrait Co.,Ltd.",Tokyo Stock Exchange,8885,TYO:8885,
"WOOD FRIENDS CO.,Ltd.",Tokyo Stock Exchange,8886,TYO:8886,
RIBERESUTE CORPORATION,Tokyo Stock Exchange,8887,TYO:8887,
"Apamanshop Holdings Co.,Ltd.",Tokyo Stock Exchange,8889,TYO:8889,
"Raysum Co.,Ltd.",Tokyo Stock Exchange,8890,TYO:8890,
"MG HOME CO.,LTD.",Tokyo Stock Exchange,8891,TYO:8891,
ES-CON JAPAN Ltd.,Tokyo Stock Exchange,8892,TYO:8892,
"SHIN-NIHON TATEMONO CO.,LTD.",Tokyo Stock Exchange,8893,TYO:8893,
"HARAKOSAN CO.,LTD.",Tokyo Stock Exchange,8894,TYO:8894,
"Takara Leben CO.,LTD.",Tokyo Stock Exchange,8897,TYO:8897,
CENTURY21 REAL ESTATE OF JAPAN LTD.,Tokyo Stock Exchange,8898,TYO:8898,
Sunwood Corporation,Tokyo Stock Exchange,8903,TYO:8903,
"SANYO HOUSING NAGOYA CO.,LTD.",Tokyo Stock Exchange,8904,TYO:8904,
"AEON Mall Co.,Ltd.",Tokyo Stock Exchange,8905,TYO:8905,
"MAINICHI COMNET CO.,LTD.",Tokyo Stock Exchange,8908,TYO:8908,
"Shinoken Group Co.,Ltd.",Tokyo Stock Exchange,8909,TYO:8909,
Area Quest Inc.,Tokyo Stock Exchange,8912,TYO:8912,
"Arealink Co.,Ltd.",Tokyo Stock Exchange,8914,TYO:8914,
"First Juken Co,.Ltd.",Tokyo Stock Exchange,8917,TYO:8917,
"LAND Co.,Ltd.",Tokyo Stock Exchange,8918,TYO:8918,
"TOSHO CO.,LTD.",Tokyo Stock Exchange,8920,TYO:8920,
"Japan Asset Marketing Co.,Ltd.",Tokyo Stock Exchange,8922,TYO:8922,
TOSEI CORPORATION,Tokyo Stock Exchange,8923,TYO:8923,
"ARDEPRO Co.,Ltd.",Tokyo Stock Exchange,8925,TYO:8925,
"MEIHO ENTERPRISE CO.,LTD.",Tokyo Stock Exchange,8927,TYO:8927,
ANABUKI KOSAN INC.,Tokyo Stock Exchange,8928,TYO:8928,
"Aoyama Zaisan Networks Company,Limited",Tokyo Stock Exchange,8929,TYO:8929,
WADAKOHSAN CORPORATION,Tokyo Stock Exchange,8931,TYO:8931,
NTT URBAN DEVELOPMENT CORPORATION,Tokyo Stock Exchange,8933,TYO:8933,
"Sun Frontier Fudousan Co.,Ltd.",Tokyo Stock Exchange,8934,TYO:8934,
"FJ NEXT CO.,LTD.",Tokyo Stock Exchange,8935,TYO:8935,
"Logicom,Inc.",Tokyo Stock Exchange,8938,TYO:8938,
"INTELLEX Co.,Ltd.",Tokyo Stock Exchange,8940,TYO:8940,
"LAND BUSINESS  CO.,LTD.",Tokyo Stock Exchange,8944,TYO:8944,
"Japan Corporate Housing Service Co,Ltd.",Tokyo Stock Exchange,8945,TYO:8945,
ASIAN STAR CO.,Tokyo Stock Exchange,8946,TYO:8946,
Nippon Building Fund Inc.,Tokyo Stock Exchange,8951,TYO:8951,
Japan Real Estate Investment Corporation,Tokyo Stock Exchange,8952,TYO:8952,
Japan Retail Fund Investment Corporation,Tokyo Stock Exchange,8953,TYO:8953,
ORIX JREIT Inc.,Tokyo Stock Exchange,8954,TYO:8954,
Japan Prime Realty Investment Corporation,Tokyo Stock Exchange,8955,TYO:8955,
Premier Investment Corporation,Tokyo Stock Exchange,8956,TYO:8956,
"TOKYU REIT, Inc.",Tokyo Stock Exchange,8957,TYO:8957,
Global One Real Estate Investment Corporation,Tokyo Stock Exchange,8958,TYO:8958,
United Urban Investment Corporation,Tokyo Stock Exchange,8960,TYO:8960,
"MORI TRUST Sogo Reit, Inc.",Tokyo Stock Exchange,8961,TYO:8961,
Invincible Investment Corporation,Tokyo Stock Exchange,8963,TYO:8963,
Frontier Real Estate Investment Corporation,Tokyo Stock Exchange,8964,TYO:8964,
"HEIWA REAL ESTATE REIT,Inc.",Tokyo Stock Exchange,8966,TYO:8966,
"Japan Logistics Fund,Inc.",Tokyo Stock Exchange,8967,TYO:8967,
Fukuoka REIT Corporation,Tokyo Stock Exchange,8968,TYO:8968,
Kenedix Office Investment Corporation,Tokyo Stock Exchange,8972,TYO:8972,
Sekisui House SI Residential Investment Corporation,Tokyo Stock Exchange,8973,TYO:8973,
Ichigo Office REIT Investment Corporation,Tokyo Stock Exchange,8975,TYO:8975,
Daiwa Office Investment Corporation,Tokyo Stock Exchange,8976,TYO:8976,
"Hankyu REIT,Inc.",Tokyo Stock Exchange,8977,TYO:8977,
Starts Proceed Investment Corporation,Tokyo Stock Exchange,8979,TYO:8979,
"Top REIT,Inc.",Tokyo Stock Exchange,8982,TYO:8982,
Daiwa House Residential Investment Corporation,Tokyo Stock Exchange,8984,TYO:8984,
Japan Hotel REIT Investment Corporation,Tokyo Stock Exchange,8985,TYO:8985,
Japan Rental Housing Investments Inc.,Tokyo Stock Exchange,8986,TYO:8986,
"Japan Excellent,Inc.",Tokyo Stock Exchange,8987,TYO:8987,
"Makoto Construction CO,Ltd",Tokyo Stock Exchange,8995,TYO:8995,
Grandy House Corporation,Tokyo Stock Exchange,8999,TYO:8999,
"TOBU RAILWAY CO.,LTD.",Tokyo Stock Exchange,9001,TYO:9001,
"Sotetsu Holdings,Inc.",Tokyo Stock Exchange,9003,TYO:9003,
TOKYU CORPORATION,Tokyo Stock Exchange,9005,TYO:9005,
Keikyu Corporation,Tokyo Stock Exchange,9006,TYO:9006,
"Odakyu Electric Railway Co.,Ltd.",Tokyo Stock Exchange,9007,TYO:9007,
Keio Corporation,Tokyo Stock Exchange,9008,TYO:9008,
"Keisei Electric Railway Co.,Ltd.",Tokyo Stock Exchange,9009,TYO:9009,
"FUJI KYUKO CO.,LTD.",Tokyo Stock Exchange,9010,TYO:9010,
"Chichibu Railway Co.,Ltd.",Tokyo Stock Exchange,9012,TYO:9012,
"Shin-Keisei Electric Railway Co.,Ltd.",Tokyo Stock Exchange,9014,TYO:9014,
"Niigata Kotsu Co.,Ltd.",Tokyo Stock Exchange,9017,TYO:9017,
East Japan Railway Company,Tokyo Stock Exchange,9020,TYO:9020,
West Japan Railway Company,Tokyo Stock Exchange,9021,TYO:9021,
Central Japan Railway Company,Tokyo Stock Exchange,9022,TYO:9022,
SEIBU HOLDINGS INC.,Tokyo Stock Exchange,9024,TYO:9024,
"Konoike Transport Co.,Ltd.",Tokyo Stock Exchange,9025,TYO:9025,
"ZERO CO.,LTD.",Tokyo Stock Exchange,9028,TYO:9028,
"HIGASHI TWENTY ONE CO.,LTD.",Tokyo Stock Exchange,9029,TYO:9029,
"Nishi-Nippon Railroad Co.,Ltd.",Tokyo Stock Exchange,9031,TYO:9031,
"Hiroshima Electric Railway Co.,Ltd.",Tokyo Stock Exchange,9033,TYO:9033,
"NANSO Transport Co.,Ltd.",Tokyo Stock Exchange,9034,TYO:9034,
"TOHBU NETWORK CO.,LTD.",Tokyo Stock Exchange,9036,TYO:9036,
"HAMAKYOREX CO.,LTD.",Tokyo Stock Exchange,9037,TYO:9037,
"Sakai Moving Service Co.,Ltd.",Tokyo Stock Exchange,9039,TYO:9039,
"Kintetsu Group Holdings Co.,Ltd.",Tokyo Stock Exchange,9041,TYO:9041,
"Hankyu Hanshin Holdings,Inc.",Tokyo Stock Exchange,9042,TYO:9042,
"Nankai Electric Railway Co.,Ltd.",Tokyo Stock Exchange,9044,TYO:9044,
"Keihan Holdings Co.,Ltd.",Tokyo Stock Exchange,9045,TYO:9045,
"Kobe Electric Railway Co.,Ltd.",Tokyo Stock Exchange,9046,TYO:9046,
"Nagoya Railroad Co., Ltd.",Tokyo Stock Exchange,9048,TYO:9048,
"Keifuku Electric Railroad Co.,Ltd.",Tokyo Stock Exchange,9049,TYO:9049,
"SENKON LOGISTICS CO.,LTD",Tokyo Stock Exchange,9051,TYO:9051,
"Sanyo Electric Railway Co.,Ltd.",Tokyo Stock Exchange,9052,TYO:9052,
"ALPS LOGISTICS CO.,LTD.",Tokyo Stock Exchange,9055,TYO:9055,
"ENSHU TRUCK CO.,LTD.",Tokyo Stock Exchange,9057,TYO:9057,
"TRANCOM CO.,LTD.",Tokyo Stock Exchange,9058,TYO:9058,
"Kanda Holdings Co.,Ltd",Tokyo Stock Exchange,9059,TYO:9059,
JAPAN LOGISTIC SYSTEMS CORP.,Tokyo Stock Exchange,9060,TYO:9060,
"NIPPON EXPRESS CO.,LTD.",Tokyo Stock Exchange,9062,TYO:9062,
"Okayamaken Freight Transportation CO.,LTD.",Tokyo Stock Exchange,9063,TYO:9063,
"YAMATO HOLDINGS CO.,LTD.",Tokyo Stock Exchange,9064,TYO:9064,
SANKYU INC.,Tokyo Stock Exchange,9065,TYO:9065,
NISSIN CORPORATION,Tokyo Stock Exchange,9066,TYO:9066,
MARUWN CORPORATION,Tokyo Stock Exchange,9067,TYO:9067,
"Maruzen Showa Unyu Co.,Ltd.",Tokyo Stock Exchange,9068,TYO:9068,
"SENKO Co.,Ltd.",Tokyo Stock Exchange,9069,TYO:9069,
"TONAMI HOLDINGS CO.,LTD.",Tokyo Stock Exchange,9070,TYO:9070,
"NIKKON Holdings Co.,Ltd.",Tokyo Stock Exchange,9072,TYO:9072,
"Kyogoku unyu shoji Co.,Ltd.",Tokyo Stock Exchange,9073,TYO:9073,
"Japan Oil Transportation Co.,Ltd.",Tokyo Stock Exchange,9074,TYO:9074,
"FUKUYAMA TRANSPORTING CO.,LTD.",Tokyo Stock Exchange,9075,TYO:9075,
"SEINO HOLDINGS CO.,LTD.",Tokyo Stock Exchange,9076,TYO:9076,
"Kanagawa Chuo Kotsu Co.,Ltd.",Tokyo Stock Exchange,9081,TYO:9081,
"Daiwa Motor Transportation Co.,Ltd.",Tokyo Stock Exchange,9082,TYO:9082,
"Shinki Bus Co.,Ltd.",Tokyo Stock Exchange,9083,TYO:9083,
"Hitachi Transport System,Ltd.",Tokyo Stock Exchange,9086,TYO:9086,
TAKASE CORPORATION,Tokyo Stock Exchange,9087,TYO:9087,
"MARUWA UNYU KIKAN CO.,LTD.",Tokyo Stock Exchange,9090,TYO:9090,
"Chilled & Frozen Logistics Holdings Co.,Ltd.",Tokyo Stock Exchange,9099,TYO:9099,
Nippon Yusen Kabushiki Kaisha,Tokyo Stock Exchange,9101,TYO:9101,
"Mitsui O.S.K.Lines,Ltd.",Tokyo Stock Exchange,9104,TYO:9104,
"Kawasaki Kisen Kaisha,Ltd.",Tokyo Stock Exchange,9107,TYO:9107,
"NS United Kaiun Kaisha,Ltd.",Tokyo Stock Exchange,9110,TYO:9110,
"MEIJI SHIPPING CO.,LTD.",Tokyo Stock Exchange,9115,TYO:9115,
"IINO KAIUN KAISHA,LTD.",Tokyo Stock Exchange,9119,TYO:9119,
"TAMAI STEAMSHIP CO.,LTD",Tokyo Stock Exchange,9127,TYO:9127,
"KYOEI TANKER CO.,LTD.",Tokyo Stock Exchange,9130,TYO:9130,
TOEI REEFER LINE LTD.,Tokyo Stock Exchange,9133,TYO:9133,
"Kuribayashi Steamship Co.,Ltd.",Tokyo Stock Exchange,9171,TYO:9171,
"Tokai Kisen Co.,Ltd.",Tokyo Stock Exchange,9173,TYO:9173,
"Sado Steam Ship Co.,Ltd.",Tokyo Stock Exchange,9176,TYO:9176,
"KAWASAKI KINKAI KISEN KAISHA,LTD.",Tokyo Stock Exchange,9179,TYO:9179,
"Tokyo Kisen Co.,Ltd.",Tokyo Stock Exchange,9193,TYO:9193,
"Japan Airlines Co.,Ltd.",Tokyo Stock Exchange,9201,TYO:9201,
ANA HOLDINGS INC.,Tokyo Stock Exchange,9202,TYO:9202,
Star Flyer Inc.,Tokyo Stock Exchange,9206,TYO:9206,
PASCO CORPORATION,Tokyo Stock Exchange,9232,TYO:9232,
"Asia Air Survey Co.,Ltd.",Tokyo Stock Exchange,9233,TYO:9233,
"Takara Leben Infrastructure Fund,Inc.",Tokyo Stock Exchange,9281,TYO:9281,
Mitsubishi Logistics Corporation,Tokyo Stock Exchange,9301,TYO:9301,
"MITSUI-SOKO HOLDINGS Co.,Ltd.",Tokyo Stock Exchange,9302,TYO:9302,
"The Sumitomo Warehouse Co.,Ltd.",Tokyo Stock Exchange,9303,TYO:9303,
"The Shibusawa Warehouse Co.,Ltd.",Tokyo Stock Exchange,9304,TYO:9304,
Yamatane Corporation,Tokyo Stock Exchange,9305,TYO:9305,
"Toyo Logistics Co.,Ltd.",Tokyo Stock Exchange,9306,TYO:9306,
"Sugimura Warehouse Co.,Ltd.",Tokyo Stock Exchange,9307,TYO:9307,
"Inui Global Logistics Co.,Ltd.",Tokyo Stock Exchange,9308,TYO:9308,
Japan Transcity Corporation,Tokyo Stock Exchange,9310,TYO:9310,
ASAGAMI CORPORATION,Tokyo Stock Exchange,9311,TYO:9311,
"THE KEIHIN CO.,LTD.",Tokyo Stock Exchange,9312,TYO:9312,
Maruhachi Warehouse Company Limited,Tokyo Stock Exchange,9313,TYO:9313,
Asia Development Capital Co.Ltd.,Tokyo Stock Exchange,9318,TYO:9318,
"Chuo Warehouse Co.,Ltd.",Tokyo Stock Exchange,9319,TYO:9319,
"KAWANISHI WAREHOUSE CO.,LTD.",Tokyo Stock Exchange,9322,TYO:9322,
Yasuda Logistics Corporation,Tokyo Stock Exchange,9324,TYO:9324,
"TOYO WHARF & WAREHOUSE CO.,LTD.",Tokyo Stock Exchange,9351,TYO:9351,
"SAKURAJIMA FUTO KAISHA,LTD.",Tokyo Stock Exchange,9353,TYO:9353,
RINKO CORPORATION,Tokyo Stock Exchange,9355,TYO:9355,
Utoc Corporation,Tokyo Stock Exchange,9358,TYO:9358,
SUZUYO SHINWART CORPORATION,Tokyo Stock Exchange,9360,TYO:9360,
"FUSHIKI KAIRIKU UNSO CO.,LTD.",Tokyo Stock Exchange,9361,TYO:9361,
"HYOKI KAIUN KAISHA,LTD.",Tokyo Stock Exchange,9362,TYO:9362,
"DAIUN CO.,LTD.",Tokyo Stock Exchange,9363,TYO:9363,
"Kamigumi Co.,Ltd.",Tokyo Stock Exchange,9364,TYO:9364,
TRADIA CORPORATION,Tokyo Stock Exchange,9365,TYO:9365,
SANRITSU CORPORATION,Tokyo Stock Exchange,9366,TYO:9366,
"DAITO KOUN CO.,LTD.",Tokyo Stock Exchange,9367,TYO:9367,
"KIMURA UNITY CO.,LTD.",Tokyo Stock Exchange,9368,TYO:9368,
K.R.S.Corporation,Tokyo Stock Exchange,9369,TYO:9369,
"Yusen Logistics Co.,Ltd.",Tokyo Stock Exchange,9370,TYO:9370,
"Nikko Travel Co.,Ltd.",Tokyo Stock Exchange,9373,TYO:9373,
"Kintetsu World Express,inc.",Tokyo Stock Exchange,9375,TYO:9375,
"EURASIA TRAVEL Co.,Ltd.",Tokyo Stock Exchange,9376,TYO:9376,
AGP CORPORATION,Tokyo Stock Exchange,9377,TYO:9377,
"Azuma Shipping Co.,Ltd.",Tokyo Stock Exchange,9380,TYO:9380,
AIT CORPORATION,Tokyo Stock Exchange,9381,TYO:9381,
NAIGAI TRANS LINE LTD.,Tokyo Stock Exchange,9384,TYO:9384,
SHOEI CORPORATION,Tokyo Stock Exchange,9385,TYO:9385,
NIPPON CONCEPT CORPORATION,Tokyo Stock Exchange,9386,TYO:9386,
Xinhua Holdings Limited,Tokyo Stock Exchange,9399,TYO:9399,
"TOKYO BROADCASTING SYSTEM HOLDINGS,INC.",Tokyo Stock Exchange,9401,TYO:9401,
"Nippon Television Holdings,Inc.",Tokyo Stock Exchange,9404,TYO:9404,
ASAHI BROADCASTING CORPORATION,Tokyo Stock Exchange,9405,TYO:9405,
BROADCASTING SYSTEM OF NIIGATA INCORPORATED,Tokyo Stock Exchange,9408,TYO:9408,
TV Asahi Holdings Corporation,Tokyo Stock Exchange,9409,TYO:9409,
SKY Perfect JSAT Holdings Inc.,Tokyo Stock Exchange,9412,TYO:9412,
TV TOKYO Holdings Corporation,Tokyo Stock Exchange,9413,TYO:9413,
Nippon BS Broadcasting Corporation,Tokyo Stock Exchange,9414,TYO:9414,
VISION INC.,Tokyo Stock Exchange,9416,TYO:9416,
"Smartvalue Co.,Ltd.",Tokyo Stock Exchange,9417,TYO:9417,
"U-NEXT Co.,Ltd.",Tokyo Stock Exchange,9418,TYO:9418,
"WirelessGate,Inc.",Tokyo Stock Exchange,9419,TYO:9419,
NJ Holdings Inc.,Tokyo Stock Exchange,9421,TYO:9421,
CONEXIO Corporation,Tokyo Stock Exchange,9422,TYO:9422,
Forval RealStraight Inc.,Tokyo Stock Exchange,9423,TYO:9423,
Japan Communications Inc.,Tokyo Stock Exchange,9424,TYO:9424,
NIPPON TELEPHONE INC.,Tokyo Stock Exchange,9425,TYO:9425,
CROPS CORPORATION,Tokyo Stock Exchange,9428,TYO:9428,
NIPPON TELEGRAPH AND TELEPHONE CORPORATION,Tokyo Stock Exchange,9432,TYO:9432,
KDDI CORPORATION,Tokyo Stock Exchange,9433,TYO:9433,
"HIKARI TSUSHIN,INC.",Tokyo Stock Exchange,9435,TYO:9435,
OKINAWA CELLULAR TELEPHONE COMPANY,Tokyo Stock Exchange,9436,TYO:9436,
"NTT DOCOMO,INC.",Tokyo Stock Exchange,9437,TYO:9437,
MTI Ltd.,Tokyo Stock Exchange,9438,TYO:9438,
M?H?GROUP LTD.,Tokyo Stock Exchange,9439,TYO:9439,
"Bell-Park Co.,Ltd.",Tokyo Stock Exchange,9441,TYO:9441,
TOSHIN CORPORATION,Tokyo Stock Exchange,9444,TYO:9444,
"FORVAL TELECOM,INC.",Tokyo Stock Exchange,9445,TYO:9445,
S?K?I. CORPORATION,Tokyo Stock Exchange,9446,TYO:9446,
GMO internet Inc.,Tokyo Stock Exchange,9449,TYO:9449,
Aidma Marketing Communication Corporation,Tokyo Stock Exchange,9466,TYO:9466,
"AlphaPolis Co.,Ltd.",Tokyo Stock Exchange,9467,TYO:9467,
KADOKAWA DWANGO CORPORATION,Tokyo Stock Exchange,9468,TYO:9468,
"GAKKEN HOLDINGS CO.,LTD.",Tokyo Stock Exchange,9470,TYO:9470,
"ZENRIN CO.,LTD.",Tokyo Stock Exchange,9474,TYO:9474,
"Shobunsha Publications,Inc.",Tokyo Stock Exchange,9475,TYO:9475,
"CHUOKEIZAI-SHA HOLDINGS,INC.",Tokyo Stock Exchange,9476,TYO:9476,
"SE Holdings and Incubations Co.,Ltd.",Tokyo Stock Exchange,9478,TYO:9478,
"Impress Holdings, Inc.",Tokyo Stock Exchange,9479,TYO:9479,
"Tokyo Electric Power Company Holdings,Incorporated",Tokyo Stock Exchange,9501,TYO:9501,
"Chubu Electric Power Company,Incorporated",Tokyo Stock Exchange,9502,TYO:9502,
"The Kansai Electric Power Company,Incorporated",Tokyo Stock Exchange,9503,TYO:9503,
"The Chugoku Electric Power Company,Incorporated",Tokyo Stock Exchange,9504,TYO:9504,
Hokuriku Electric Power Company,Tokyo Stock Exchange,9505,TYO:9505,
"Tohoku Electric Power Company,Incorporated",Tokyo Stock Exchange,9506,TYO:9506,
"Shikoku Electric Power Company,Incorporated",Tokyo Stock Exchange,9507,TYO:9507,
"Kyushu Electric Power Company,Incorporated",Tokyo Stock Exchange,9508,TYO:9508,
"Hokkaido Electric Power Company,Incorporated",Tokyo Stock Exchange,9509,TYO:9509,
"The Okinawa Electric Power Company,Incorporated",Tokyo Stock Exchange,9511,TYO:9511,
"Electric Power Development Co.,Ltd.",Tokyo Stock Exchange,9513,TYO:9513,
"The First Energy Service Company,Limited",Tokyo Stock Exchange,9514,TYO:9514,
"eREX Co.,Ltd.",Tokyo Stock Exchange,9517,TYO:9517,
"TOKYO GAS CO.,LTD.",Tokyo Stock Exchange,9531,TYO:9531,
"OSAKA GAS CO.,LTD.",Tokyo Stock Exchange,9532,TYO:9532,
"TOHO GAS CO.,LTD.",Tokyo Stock Exchange,9533,TYO:9533,
"HOKKAIDO GAS CO.,LTD.",Tokyo Stock Exchange,9534,TYO:9534,
"HIROSHIMA GAS CO.,LTD.",Tokyo Stock Exchange,9535,TYO:9535,
"SAIBU GAS CO.,LTD.",Tokyo Stock Exchange,9536,TYO:9536,
"HOKURIKU GAS CO.,LTD.",Tokyo Stock Exchange,9537,TYO:9537,
"KEIYO GAS CO.,LTD.",Tokyo Stock Exchange,9539,TYO:9539,
"SHIZUOKA GAS CO.,LTD.",Tokyo Stock Exchange,9543,TYO:9543,
"METAWATER Co.,Ltd.",Tokyo Stock Exchange,9551,TYO:9551,
I-NET CORP.,Tokyo Stock Exchange,9600,TYO:9600,
"Shochiku Co.,Ltd.",Tokyo Stock Exchange,9601,TYO:9601,
"TOHO CO.,LTD",Tokyo Stock Exchange,9602,TYO:9602,
"H.I.S.Co.,Ltd.",Tokyo Stock Exchange,9603,TYO:9603,
"TOEI COMPANY,LTD.",Tokyo Stock Exchange,9605,TYO:9605,
AOI Pro.Inc.,Tokyo Stock Exchange,9607,TYO:9607,
"FUKUYAMA CONSULTANTS CO.,LTD.",Tokyo Stock Exchange,9608,TYO:9608,
WILSON LEARNING WORLDWIDE INC.,Tokyo Stock Exchange,9610,TYO:9610,
"LUCKLAND CO.,LTD.",Tokyo Stock Exchange,9612,TYO:9612,
NTT DATA CORPORATION,Tokyo Stock Exchange,9613,TYO:9613,
"KYORITSU MAINTENANCE CO.,LTD.",Tokyo Stock Exchange,9616,TYO:9616,
"ICHINEN HOLDINGS CO.,LTD.",Tokyo Stock Exchange,9619,TYO:9619,
"CTI Engineering Co.,Ltd.",Tokyo Stock Exchange,9621,TYO:9621,
"SPACE CO.,LTD.",Tokyo Stock Exchange,9622,TYO:9622,
"CHODAI CO.,LTD.",Tokyo Stock Exchange,9624,TYO:9624,
"CERESPO CO.,LTD.",Tokyo Stock Exchange,9625,TYO:9625,
AIN HOLDINGS INC.,Tokyo Stock Exchange,9627,TYO:9627,
"SAN HOLDINGS,INC.",Tokyo Stock Exchange,9628,TYO:9628,
PCA CORPORATION,Tokyo Stock Exchange,9629,TYO:9629,
"TOKYU RECREATION CO.,LTD.",Tokyo Stock Exchange,9631,TYO:9631,
"Subaru Enterprise Co.,Ltd.",Tokyo Stock Exchange,9632,TYO:9632,
"TOKYO THEATRES COMPANY,INCORPORATED",Tokyo Stock Exchange,9633,TYO:9633,
"Musashino Kogyo Co.,Ltd.",Tokyo Stock Exchange,9635,TYO:9635,
Kin-Ei Corp.,Tokyo Stock Exchange,9636,TYO:9636,
"O S CO.,LTD.",Tokyo Stock Exchange,9637,TYO:9637,
"SANKYO FRONTIER CO.,LTD.",Tokyo Stock Exchange,9639,TYO:9639,
"SAISON INFORMATION SYSTEMS CO.,LTD.",Tokyo Stock Exchange,9640,TYO:9640,
SACOS CORPORATION,Tokyo Stock Exchange,9641,TYO:9641,
"TANABE MANAGEMENT CONSULTING CO.,LTD.",Tokyo Stock Exchange,9644,TYO:9644,
"KYOWA ENGINEERING CONSULTANTS CO.,LTD.",Tokyo Stock Exchange,9647,TYO:9647,
"Japan Process Development Co.,Ltd.",Tokyo Stock Exchange,9651,TYO:9651,
GREENLAND RESORT COMPANY LIMITED,Tokyo Stock Exchange,9656,TYO:9656,
BUSINESS BRAIN SHOWA?OTA INC.,Tokyo Stock Exchange,9658,TYO:9658,
"Kabuki-Za Co.,Ltd.",Tokyo Stock Exchange,9661,TYO:9661,
"NAGAWA CO.,Ltd",Tokyo Stock Exchange,9663,TYO:9663,
"YOMIURI LAND.CO.,LTD.",Tokyo Stock Exchange,9671,TYO:9671,
"TOKYOTOKEIBA CO.,LTD.",Tokyo Stock Exchange,9672,TYO:9672,
"KAGETSUENKANKO Co.,Ltd.",Tokyo Stock Exchange,9674,TYO:9674,
"Joban Kosan Co.,Ltd.",Tokyo Stock Exchange,9675,TYO:9675,
"KANAMOTO CO.,LTD.",Tokyo Stock Exchange,9678,TYO:9678,
"HORAI Co.,Ltd.",Tokyo Stock Exchange,9679,TYO:9679,
"KYOSEI RENTEMU CO.,Ltd.",Tokyo Stock Exchange,9680,TYO:9680,
TOKYO DOME CORPORATION,Tokyo Stock Exchange,9681,TYO:9681,
DTS CORPORATION,Tokyo Stock Exchange,9682,TYO:9682,
"SQUARE ENIX HOLDINGS CO.,LTD.",Tokyo Stock Exchange,9684,TYO:9684,
"KYCOM HOLDINGS CO.,LTD.",Tokyo Stock Exchange,9685,TYO:9685,
"TOYO TEC CO.,LTD.",Tokyo Stock Exchange,9686,TYO:9686,
"KSK CO.,LTD",Tokyo Stock Exchange,9687,TYO:9687,
"RYOMO SYSTEMS CO.,LTD.",Tokyo Stock Exchange,9691,TYO:9691,
COMPUTER ENGINEERING & CONSULTING LTD.,Tokyo Stock Exchange,9692,TYO:9692,
"THE KAMOGAWA GRAND HOTEL,LTD.",Tokyo Stock Exchange,9695,TYO:9695,
With us Corporation,Tokyo Stock Exchange,9696,TYO:9696,
"CAPCOM CO.,LTD.",Tokyo Stock Exchange,9697,TYO:9697,
"CREO CO.,LTD.",Tokyo Stock Exchange,9698,TYO:9698,
"NISHIO RENT ALL Co.,LTD.",Tokyo Stock Exchange,9699,TYO:9699,
"Tokyo Kaikan Co.,Ltd.",Tokyo Stock Exchange,9701,TYO:9701,
ISB CORPORATION,Tokyo Stock Exchange,9702,TYO:9702,
"AGORA Hospitality Group Co.,Ltd.",Tokyo Stock Exchange,9704,TYO:9704,
"Japan Airport Terminal Co.,ltd.",Tokyo Stock Exchange,9706,TYO:9706,
"UNIMAT Retirement Community Co.,Ltd.",Tokyo Stock Exchange,9707,TYO:9707,
"Imperial Hotel,Ltd.",Tokyo Stock Exchange,9708,TYO:9708,
"NCS&A CO.,LTD.",Tokyo Stock Exchange,9709,TYO:9709,
"THE ROYAL HOTEL,LIMITED",Tokyo Stock Exchange,9713,TYO:9713,
transcosmos inc.,Tokyo Stock Exchange,9715,TYO:9715,
"NOMURA Co.,Ltd.",Tokyo Stock Exchange,9716,TYO:9716,
"JASTEC Co.,Ltd.",Tokyo Stock Exchange,9717,TYO:9717,
SCSK Corporation,Tokyo Stock Exchange,9719,TYO:9719,
"HOTEL NEWGRAND CO.,LTD.",Tokyo Stock Exchange,9720,TYO:9720,
FUJITA KANKO INC.,Tokyo Stock Exchange,9722,TYO:9722,
"THE KYOTO HOTEL,LTD.",Tokyo Stock Exchange,9723,TYO:9723,
"KNT-CT Holdings Co.,Ltd.",Tokyo Stock Exchange,9726,TYO:9726,
"NIPPON KANZAI Co.,Ltd.",Tokyo Stock Exchange,9728,TYO:9728,
TOKAI Corp.,Tokyo Stock Exchange,9729,TYO:9729,
"Hakuyosha Company,Ltd.",Tokyo Stock Exchange,9731,TYO:9731,
Nagase Brothers Inc.,Tokyo Stock Exchange,9733,TYO:9733,
Kabushiki Kaisha Seiyoken.,Tokyo Stock Exchange,9734,TYO:9734,
"SECOM CO.,LTD.",Tokyo Stock Exchange,9735,TYO:9735,
"NIPPON SYSTEMWARE CO.,LTD.",Tokyo Stock Exchange,9739,TYO:9739,
"CENTRAL SECURITY PATROLS CO.,LTD.",Tokyo Stock Exchange,9740,TYO:9740,
INES Corporation,Tokyo Stock Exchange,9742,TYO:9742,
"TANSEISHA CO.,LTD.",Tokyo Stock Exchange,9743,TYO:9743,
MEITEC CORPORATION,Tokyo Stock Exchange,9744,TYO:9744,
TKC Corporation,Tokyo Stock Exchange,9746,TYO:9746,
ASATSU-DK INC.,Tokyo Stock Exchange,9747,TYO:9747,
NJK CORPORATION,Tokyo Stock Exchange,9748,TYO:9748,
FUJI SOFT INCORPORATED,Tokyo Stock Exchange,9749,TYO:9749,
IX Knowledge Incorporated,Tokyo Stock Exchange,9753,TYO:9753,
OYO Corporation,Tokyo Stock Exchange,9755,TYO:9755,
Funai Soken Holdings Incorporated,Tokyo Stock Exchange,9757,TYO:9757,
"JAPAN SYSTEMS CO.,LTD.",Tokyo Stock Exchange,9758,TYO:9758,
"NSD CO.,LTD.",Tokyo Stock Exchange,9759,TYO:9759,
"SHINGAKUKAI CO.,LTD.",Tokyo Stock Exchange,9760,TYO:9760,
"TOKAI LEASE CO.,LTD.",Tokyo Stock Exchange,9761,TYO:9761,
"Marubeni Construction Material Lease Co.,Ltd.",Tokyo Stock Exchange,9763,TYO:9763,
"Giken Kogyo Co.,Ltd.",Tokyo Stock Exchange,9764,TYO:9764,
"OHBA CO.,LTD.",Tokyo Stock Exchange,9765,TYO:9765,
KONAMI HOLDINGS CORPORATION,Tokyo Stock Exchange,9766,TYO:9766,
"NIKKEN KOGAKU CO.,LTD.",Tokyo Stock Exchange,9767,TYO:9767,
"IDEA Consultants,Inc.",Tokyo Stock Exchange,9768,TYO:9768,
"GAKKYUSHA CO.,LTD.",Tokyo Stock Exchange,9769,TYO:9769,
SAPPORO CLINICAL LABORATORY INC.,Tokyo Stock Exchange,9776,TYO:9776,
"SUBARU CO.,LTD.",Tokyo Stock Exchange,9778,TYO:9778,
HARIMA B.STEM CORPORATION,Tokyo Stock Exchange,9780,TYO:9780,
DMS INC.,Tokyo Stock Exchange,9782,TYO:9782,
"Benesse Holdings,Inc.",Tokyo Stock Exchange,9783,TYO:9783,
"AEON DELIGHT CO.,LTD.",Tokyo Stock Exchange,9787,TYO:9787,
"NAC CO.,LTD.",Tokyo Stock Exchange,9788,TYO:9788,
"Fukui Computer Holdings,Inc.",Tokyo Stock Exchange,9790,TYO:9790,
BIKEN TECHNO CORPORATION,Tokyo Stock Exchange,9791,TYO:9791,
"NICHIIGAKKAN CO.,LTD.",Tokyo Stock Exchange,9792,TYO:9792,
"Daiseki Co.,Ltd.",Tokyo Stock Exchange,9793,TYO:9793,
"STEP CO.,LTD.",Tokyo Stock Exchange,9795,TYO:9795,
"NIPPON ENGINEERING CONSULTANTS CO.,LTD.",Tokyo Stock Exchange,9797,TYO:9797,
"ASAHI INTELLIGENCE SERVICE CO.,LTD.",Tokyo Stock Exchange,9799,TYO:9799,
NIPPON STEEL & SUMIKIN BUSSAN CORPORATION,Tokyo Stock Exchange,9810,TYO:9810,
"T.O.OGASAWARA CO.,LTD.",Tokyo Stock Exchange,9812,TYO:9812,
Striders Corporation,Tokyo Stock Exchange,9816,TYO:9816,
"DAIMARU ENAWIN Co.,Ltd.",Tokyo Stock Exchange,9818,TYO:9818,
MT GENEX CORPORATION,Tokyo Stock Exchange,9820,TYO:9820,
Mammy Mart Corporation,Tokyo Stock Exchange,9823,TYO:9823,
"SENSHU ELECTRIC CO.,LTD.",Tokyo Stock Exchange,9824,TYO:9824,
JEUGIA Corporation,Tokyo Stock Exchange,9826,TYO:9826,
"Lilycolor Co.,Ltd.",Tokyo Stock Exchange,9827,TYO:9827,
"GENKI SUSHI CO.,LTD.",Tokyo Stock Exchange,9828,TYO:9828,
"NAGANO TOKYU DEPARTMENT STORE CO.,LTD.",Tokyo Stock Exchange,9829,TYO:9829,
TRUSCO NAKAYAMA CORPORATION,Tokyo Stock Exchange,9830,TYO:9830,
"YAMADA DENKI CO.,LTD.",Tokyo Stock Exchange,9831,TYO:9831,
"AUTOBACS SEVEN CO.,LTD.",Tokyo Stock Exchange,9832,TYO:9832,
"JUNTENDO CO.,LTD.",Tokyo Stock Exchange,9835,TYO:9835,
LEVI STRAUSS JAPAN KABUSHIKI KAISHA,Tokyo Stock Exchange,9836,TYO:9836,
"MORITO CO.,LTD.",Tokyo Stock Exchange,9837,TYO:9837,
"ARCLAND SAKAMOTO CO.,LTD.",Tokyo Stock Exchange,9842,TYO:9842,
"Nitori Holdings Co.,Ltd.",Tokyo Stock Exchange,9843,TYO:9843,
PARKER CORPORATION,Tokyo Stock Exchange,9845,TYO:9845,
"TENMAYA STORE CO.,LTD.",Tokyo Stock Exchange,9846,TYO:9846,
KYODO PAPER HOLDINGS,Tokyo Stock Exchange,9849,TYO:9849,
"GOURMET KINEYA CO.,LTD.",Tokyo Stock Exchange,9850,TYO:9850,
CHUO BUSSAN CORPORATION,Tokyo Stock Exchange,9852,TYO:9852,
"GINZA RENOIR CO.,LTD.",Tokyo Stock Exchange,9853,TYO:9853,
"AIGAN CO.,LTD.",Tokyo Stock Exchange,9854,TYO:9854,
"KUROGANEYA.CO.,LTD.",Tokyo Stock Exchange,9855,TYO:9855,
"KU HOLDINGS CO.,LTD.",Tokyo Stock Exchange,9856,TYO:9856,
EIWA CORPORATION,Tokyo Stock Exchange,9857,TYO:9857,
"YOSHINOYA HOLDINGS CO.,LTD.",Tokyo Stock Exchange,9861,TYO:9861,
Solekia Limited,Tokyo Stock Exchange,9867,TYO:9867,
"KATO SANGYO CO.,LTD.",Tokyo Stock Exchange,9869,TYO:9869,
"KITAKEI CO.,LTD.",Tokyo Stock Exchange,9872,TYO:9872,
"KFC Holdings Japan,Ltd.",Tokyo Stock Exchange,9873,TYO:9873,
"COX CO.,LTD.",Tokyo Stock Exchange,9876,TYO:9876,
"SEKIDO CO.,LTD.",Tokyo Stock Exchange,9878,TYO:9878,
INNOTECH CORPORATION,Tokyo Stock Exchange,9880,TYO:9880,
YELLOW HAT LTD.,Tokyo Stock Exchange,9882,TYO:9882,
"CHARLE CO.,LTD.",Tokyo Stock Exchange,9885,TYO:9885,
"MATSUYA FOODS CO.,LTD.",Tokyo Stock Exchange,9887,TYO:9887,
"UEX,LTD.",Tokyo Stock Exchange,9888,TYO:9888,
JBCC Holdings Inc.,Tokyo Stock Exchange,9889,TYO:9889,
"MAKIYA CO.,LTD.",Tokyo Stock Exchange,9890,TYO:9890,
CONSEC CORPORATION,Tokyo Stock Exchange,9895,TYO:9895,
"JK Holdings Co.,Ltd.",Tokyo Stock Exchange,9896,TYO:9896,
SAKHA DIAMOND Corp.,Tokyo Stock Exchange,9898,TYO:9898,
"Jolly-Pasta CO.,LTD.",Tokyo Stock Exchange,9899,TYO:9899,
"SAGAMI CHAIN CO.,LTD.",Tokyo Stock Exchange,9900,TYO:9900,
NICHIDEN Corporation,Tokyo Stock Exchange,9902,TYO:9902,
"KANSEKI CO.,LTD",Tokyo Stock Exchange,9903,TYO:9903,
"Verite Co.,Ltd.",Tokyo Stock Exchange,9904,TYO:9904,
Fujii Sangyo Corporation,Tokyo Stock Exchange,9906,TYO:9906,
"NIHON DENKEI CO.,LTD",Tokyo Stock Exchange,9908,TYO:9908,
AIKO CORPORATION,Tokyo Stock Exchange,9909,TYO:9909,
NIPPO LTD.,Tokyo Stock Exchange,9913,TYO:9913,
"Uematsu Shokai Co.,Ltd.",Tokyo Stock Exchange,9914,TYO:9914,
KANSAI SUPER MARKET LTD.,Tokyo Stock Exchange,9919,TYO:9919,
"WATT MANN CO.,LTD.",Tokyo Stock Exchange,9927,TYO:9927,
"MIROKU JYOHO SERVICE CO.,LTD.",Tokyo Stock Exchange,9928,TYO:9928,
"HEIWA PAPER CO.,LTD.",Tokyo Stock Exchange,9929,TYO:9929,
"KITAZAWA SANGYO CO.,LTD.",Tokyo Stock Exchange,9930,TYO:9930,
"SUGIMOTO & CO.,LTD.",Tokyo Stock Exchange,9932,TYO:9932,
"INABA DENKISANGYO CO.,LTD.",Tokyo Stock Exchange,9934,TYO:9934,
OHSHO FOOD SERVICE CORP.,Tokyo Stock Exchange,9936,TYO:9936,
"TAIYO BUSSAN KAISHA,LTD.",Tokyo Stock Exchange,9941,TYO:9941,
"COCO'S JAPAN CO.,LTD.",Tokyo Stock Exchange,9943,TYO:9943,
"PLENUS Co.,Ltd.",Tokyo Stock Exchange,9945,TYO:9945,
"MINISTOP CO.,LTD.",Tokyo Stock Exchange,9946,TYO:9946,
"ARCS COMPANY,LIMITED",Tokyo Stock Exchange,9948,TYO:9948,
"HACHI-BAN CO.,LTD.",Tokyo Stock Exchange,9950,TYO:9950,
"THE YONKYU CO.,LTD.",Tokyo Stock Exchange,9955,TYO:9955,
"VALOR HOLDINGS CO.,LTD.",Tokyo Stock Exchange,9956,TYO:9956,
"VITEC HOLDINGS CO.,LTD.",Tokyo Stock Exchange,9957,TYO:9957,
"ASEED HOLDINGS CO.,LTD.",Tokyo Stock Exchange,9959,TYO:9959,
TOTECH CORPORATION,Tokyo Stock Exchange,9960,TYO:9960,
MISUMI Group Inc.,Tokyo Stock Exchange,9962,TYO:9962,
ITEC CORPORATION,Tokyo Stock Exchange,9964,TYO:9964,
FUJIKYU CORPORATION,Tokyo Stock Exchange,9966,TYO:9966,
"SAKAI TRADING CO.,LTD.",Tokyo Stock Exchange,9967,TYO:9967,
"SHOKUBUN CO.,LTD.",Tokyo Stock Exchange,9969,TYO:9969,
"ALTECH CO.,LTD.",Tokyo Stock Exchange,9972,TYO:9972,
"Kozosushi Co.,LTD.",Tokyo Stock Exchange,9973,TYO:9973,
"Belc CO.,LTD.",Tokyo Stock Exchange,9974,TYO:9974,
"SEKICHU CO.,LTD",Tokyo Stock Exchange,9976,TYO:9976,
"Aoki Super Co.,LTD.",Tokyo Stock Exchange,9977,TYO:9977,
"BUNKYODO GROUP HOLDINGS CO.,LTD.",Tokyo Stock Exchange,9978,TYO:9978,
DAISYO CORPORATION,Tokyo Stock Exchange,9979,TYO:9979,
"MARUKO CO.,LTD.",Tokyo Stock Exchange,9980,TYO:9980,
"Takihyo Co.,Ltd.",Tokyo Stock Exchange,9982,TYO:9982,
"FAST RETAILING CO.,LTD.",Tokyo Stock Exchange,9983,TYO:9983,
SoftBank Group Corp.,Tokyo Stock Exchange,9984,TYO:9984,
"ZAOH COMPANY,LTD.",Tokyo Stock Exchange,9986,TYO:9986,
"SUZUKEN CO.,LTD.",Tokyo Stock Exchange,9987,TYO:9987,
"SUNDRUG CO.,LTD.",Tokyo Stock Exchange,9989,TYO:9989,
SAC'S BAR HOLDINGS INC.,Tokyo Stock Exchange,9990,TYO:9990,
GECOSS CORPORATION,Tokyo Stock Exchange,9991,TYO:9991,
"RIKENGREEN CO.,LTD.",Tokyo Stock Exchange,9992,TYO:9992,
"YAMAZAWA CO.,LTD.",Tokyo Stock Exchange,9993,TYO:9993,
YAMAYA CORPORATION,Tokyo Stock Exchange,9994,TYO:9994,
"RENESAS EASTON Co.,Ltd.",Tokyo Stock Exchange,9995,TYO:9995,
"Satoh&Co.,Ltd.",Tokyo Stock Exchange,9996,TYO:9996,
"BELLUNA CO.,LTD.",Tokyo Stock Exchange,9997,TYO:9997,
